alkohol,jabucna_kiselina,pepeo,alkalnost_pepela,magnezijum,ukupni_fenoli,flavonoidi,neflavonoidni_fenoli,proantocijanidini,intenzitet_boje,nijansa,od280_od315,prolin,klasa
13.76,0.85,2.59,24.3,96,2.12,1.83,0.14,2.82,2.36,2.01,3.48,597,2
13.11,2.43,3.06,23.5,117,2.37,2.16,0.35,1.59,4.76,1.03,2.84,621,1
12.55,2.43,1.94,16.8,84,1.07,0.69,0.3,0.55,5.45,0.6,1.54,510,3
14.43,2.19,2.58,13.6,,2.87,2.98,0.41,1.44,4.25,1.02,,1264,1
13.83,1.76,2.03,20.0,,1.33,0.48,0.5,1.17,7.38,0.48,1.3,669,3
14.21,1.69,2.32,12.4,,3.74,3.88,0.25,1.84,7.22,1.03,3.84,1586,1
11.19,2.73,3.39,34.0,126,3.71,6.2,0.38,4.47,2.21,0.86,5.0,262,2
12.3,1.26,2.45,28.5,108,3.45,3.29,0.22,2.03,2.94,0.91,4.37,553,2
10.97,0.59,1.59,18.7,,1.28,0.88,0.1,4.3,1.98,0.97,3.22,479,2
12.99,1.12,1.77,16.2,,2.47,2.33,0.56,0.83,4.3,1.24,2.91,398,2
12.1,1.64,2.79,20.0,,2.46,3.28,0.21,,7.84,1.11,2.91,1136,1
13.15,1.36,2.44,21.5,,1.48,0.51,0.56,1.06,7.28,0.49,1.68,836,3
14.46,5.41,2.49,20.3,,1.11,0.53,0.34,0.42,5.94,0.73,1.43,334,3
11.89,1.42,2.28,20.1,78,1.92,1.61,0.6,0.59,2.01,1.27,,324,2
13.77,4.65,2.77,21.8,,1.06,1.4,0.19,0.87,16.13,0.62,1.3,611,3
12.82,2.14,2.72,26.5,,1.76,0.55,0.54,0.73,8.2,0.62,2.5,609,3
14.53,3.33,2.44,21.0,80,1.7,0.29,0.76,1.0,4.21,0.74,2.36,552,3
12.92,4.29,2.33,22.6,90,1.83,0.91,0.28,0.95,5.42,0.66,1.09,518,3
,1.83,2.79,26.7,107,,0.98,0.34,1.93,12.3,0.77,1.91,690,3
11.5,1.8,2.92,19.1,89,1.78,2.25,0.6,2.05,6.21,0.91,2.18,711,2
12.89,2.51,2.76,17.1,115,2.88,3.16,0.3,1.85,4.6,1.04,,1092,1
12.25,3.04,,20.0,101,3.27,3.43,0.17,2.49,2.9,0.7,2.64,426,2
12.24,1.72,2.02,18.3,,1.95,1.58,0.22,1.22,2.8,0.98,2.67,494,2
13.48,2.06,2.68,18.7,111,3.11,3.99,0.22,1.63,7.5,0.98,3.42,962,1
12.83,0.87,2.48,,132,2.91,2.26,0.23,1.11,6.67,1.4,2.09,625,2
13.82,,2.34,23.0,111,2.03,1.05,0.4,2.24,9.43,0.6,1.37,570,3
14.4,1.74,2.63,15.2,95,2.79,2.98,0.28,1.76,7.02,1.32,2.43,1467,1
13.43,2.43,2.45,21.5,107,2.88,2.71,0.23,1.51,6.62,0.87,3.51,1039,1
13.65,2.65,2.4,16.2,,3.8,4.07,0.24,2.34,7.98,0.89,3.34,1151,1
11.19,1.4,2.13,16.1,,3.83,4.53,0.42,2.03,3.38,1.46,2.97,305,2
13.74,3.71,2.49,23.2,118,1.84,0.77,0.28,0.69,5.4,,1.44,349,3
11.51,1.98,2.48,27.1,154,3.74,4.05,0.29,3.37,2.24,1.31,,596,2
12.33,2.08,2.36,18.1,,2.34,2.29,0.3,1.99,4.2,0.97,3.83,609,1
10.82,1.7,1.45,15.0,,1.46,1.32,0.48,1.99,2.73,0.76,2.97,464,2
12.98,0.59,1.62,17.1,,1.32,1.2,0.21,1.07,5.59,1.09,1.66,344,2
12.88,2.34,2.47,22.1,,1.62,0.52,0.54,0.75,10.11,0.96,1.79,799,3
13.28,3.79,2.33,24.8,106,1.68,0.55,0.58,2.58,6.54,,1.89,775,3
,2.17,2.09,16.7,,1.09,1.38,0.82,1.24,2.58,0.92,2.41,305,2
13.17,3.11,2.7,20.2,102,2.23,1.28,0.29,0.96,5.29,,1.98,507,3
11.76,1.8,2.25,18.4,82,1.38,0.92,0.24,3.19,1.99,1.17,2.65,690,2
13.71,1.07,2.05,17.6,,1.47,1.39,0.36,0.72,5.32,1.41,2.18,879,2
12.46,1.08,2.69,20.5,92,1.95,1.67,0.35,0.99,3.98,1.07,2.48,629,2
13.96,1.64,2.54,14.6,113,2.71,3.02,0.35,2.49,4.81,0.99,2.98,861,1
12.82,1.76,1.85,19.0,106,2.24,1.1,0.39,1.05,3.53,1.27,1.78,849,2
11.84,1.45,2.87,,94,1.13,0.98,0.38,0.88,3.58,0.95,1.88,600,2
13.74,2.42,2.73,21.9,,3.25,3.07,0.27,2.2,5.96,1.14,3.16,1028,1
12.72,1.27,2.1,,80,1.9,1.39,0.24,0.86,3.24,1.18,2.12,471,2
12.68,1.75,1.9,18.3,56,3.14,2.39,,0.66,2.92,,2.82,225,2
12.7,1.89,2.37,17.6,130,2.1,1.26,0.36,1.82,11.97,,1.29,941,3
12.97,7.25,2.55,24.1,,1.08,0.52,0.45,0.61,3.75,,1.52,,3
12.58,1.99,2.41,21.1,139,1.09,0.78,0.23,1.15,4.34,0.82,1.48,800,3
12.98,4.65,2.36,21.0,98,2.35,0.7,0.66,1.92,11.17,0.61,2.66,966,3
13.92,5.12,2.35,20.7,,1.36,0.34,0.75,0.58,5.26,,2.2,512,3
11.86,0.97,2.85,21.2,,2.0,1.2,0.53,0.41,2.64,0.75,2.15,941,2
13.19,7.25,2.51,21.2,,1.06,0.52,0.37,,8.11,0.76,,763,3
11.98,1.97,2.34,23.2,,2.17,0.5,0.72,0.7,5.98,0.89,1.73,,3
13.79,1.46,2.08,22.2,,1.35,1.44,0.3,0.5,5.01,1.21,2.26,433,2
12.82,2.25,,25.0,88,2.05,1.85,0.36,2.83,1.84,0.72,2.59,700,2
12.68,3.68,2.5,21.0,120,1.56,1.69,0.82,1.43,3.7,1.29,2.29,416,2
12.81,3.86,3.01,23.1,139,2.08,2.04,0.31,2.03,3.93,1.01,3.08,921,1
13.89,1.09,2.55,20.7,,1.73,1.37,0.28,1.73,8.07,0.76,1.33,841,3
12.2,2.61,2.0,21.9,78,2.86,2.73,0.62,1.68,1.5,1.11,2.92,287,2
13.0,3.42,2.81,24.6,,1.51,2.77,0.82,2.56,3.23,0.86,2.56,530,2
12.97,6.57,2.47,21.0,,2.27,1.3,0.52,3.48,13.6,0.45,1.71,1059,3
,1.6,3.12,25.1,144,2.32,2.13,0.48,1.62,3.29,1.31,3.88,810,1
12.69,1.69,2.53,17.6,,3.46,1.73,0.2,1.31,2.69,1.3,2.02,480,2
12.34,7.25,2.63,21.8,99,1.76,0.57,0.31,0.45,2.54,,2.04,845,3
11.7,1.33,3.35,26.2,92,1.75,2.39,0.82,1.89,3.3,0.88,2.31,619,2
12.51,1.52,1.88,16.3,67,3.22,3.98,0.17,3.06,5.92,1.14,2.74,338,2
11.81,6.25,2.33,20.0,113,1.77,1.37,0.2,0.8,4.53,,1.36,751,3
12.33,0.65,2.19,19.4,108,2.23,1.52,0.17,2.01,3.8,1.43,2.61,1075,2
13.66,,1.91,13.7,114,2.65,2.73,0.13,1.22,4.26,0.7,3.67,847,1
13.91,1.99,2.81,21.0,,3.36,2.85,0.3,2.15,4.78,1.13,3.09,998,1
12.82,1.19,1.84,15.9,,2.63,3.3,0.19,1.67,3.12,0.97,3.06,222,2
12.78,1.6,2.7,27.9,107,2.79,2.65,0.43,1.14,5.08,1.15,2.78,949,1
12.58,3.62,2.12,21.6,,1.63,0.43,0.82,2.02,8.85,,2.04,1049,3
14.88,3.0,2.76,16.5,105,2.82,2.98,0.35,1.35,6.32,1.0,3.02,1396,1
12.51,6.01,,15.3,96,1.22,0.47,0.53,0.9,4.17,0.62,1.87,1019,3
12.28,1.41,2.73,20.9,118,1.44,1.39,0.5,1.23,2.56,1.16,2.93,707,2
11.18,1.16,2.32,,,2.51,2.52,0.24,1.89,3.79,1.88,2.96,,2
13.24,1.42,2.06,14.8,92,2.07,2.64,0.14,2.02,4.03,0.89,2.88,879,1
13.8,2.93,3.04,22.8,100,2.29,2.79,0.2,1.83,5.61,1.09,2.74,1227,1
12.95,1.87,1.41,,91,2.29,1.19,0.27,0.56,3.61,1.43,1.94,561,2
14.38,1.06,2.09,,93,2.4,2.71,0.32,,5.28,1.36,3.4,1471,1
12.92,2.57,2.31,17.8,,,2.65,0.32,1.33,4.43,0.87,3.63,562,1
13.72,2.77,2.84,29.3,,1.8,1.86,0.45,3.17,2.28,1.33,3.16,711,2
11.49,2.54,3.03,21.4,,1.9,2.23,0.82,2.34,5.12,0.62,2.01,509,2
12.72,3.07,3.15,33.2,,1.98,0.78,0.5,1.21,12.65,0.58,2.22,662,3
11.81,2.48,2.53,27.4,85,2.05,2.61,0.37,1.94,2.52,0.69,2.88,489,2
14.28,4.39,2.56,20.7,,2.79,2.76,0.38,1.95,3.85,1.17,2.93,1216,1
11.81,0.72,1.71,21.3,,3.2,3.96,0.17,2.08,2.93,2.02,4.27,430,2
12.06,4.85,2.14,22.0,,2.1,1.57,0.67,0.88,1.78,0.84,2.4,546,2
12.8,,2.5,20.5,102,2.05,1.03,0.64,1.02,6.01,0.86,1.54,500,3
13.52,2.17,2.54,19.6,,2.54,2.66,0.15,1.59,4.69,1.11,3.08,1667,1
13.56,1.27,2.55,16.9,119,3.09,3.05,0.32,1.71,4.69,1.03,2.71,918,1
12.01,0.59,2.4,21.3,,2.24,3.59,0.24,4.3,3.67,1.56,3.85,754,2
13.78,3.02,1.85,13.0,,3.84,4.06,0.12,2.54,7.7,0.85,3.46,1015,1
12.87,3.61,2.41,28.7,78,1.76,1.49,0.73,0.78,1.97,0.82,2.8,611,2
12.08,3.11,2.38,19.3,76,1.18,0.37,0.5,0.58,7.17,,1.47,465,3
12.85,1.09,2.28,20.0,85,2.15,1.21,0.48,0.52,3.09,0.88,2.28,492,2
13.47,1.9,1.65,17.2,114,1.53,1.35,0.22,1.01,3.36,0.91,2.28,534,2
12.94,2.76,2.32,24.8,82,4.85,6.35,0.23,4.47,3.39,1.11,5.0,,2
15.12,1.59,2.47,14.6,,3.61,3.82,0.5,1.55,6.35,1.03,2.86,1138,
14.07,3.75,1.97,16.7,113,2.9,3.39,0.14,2.61,8.6,0.77,3.48,866,1
12.21,1.65,2.39,22.6,89,1.93,0.61,0.65,1.08,10.64,0.6,1.22,626,3
12.36,1.52,1.85,17.0,,1.13,0.69,0.39,1.59,3.3,1.19,1.57,1594,2
13.12,3.54,2.49,19.2,113,2.54,2.59,0.28,1.43,6.27,0.86,2.13,777,1
12.62,1.18,2.43,17.9,100,1.55,1.13,0.53,0.82,3.54,1.06,2.17,360,2
12.78,1.71,2.19,16.1,92,2.45,2.57,0.4,1.46,3.5,1.06,2.97,1121,1
13.5,4.28,,23.4,,1.27,0.48,0.41,0.8,7.78,0.79,1.91,592,3
13.45,1.81,3.01,17.0,99,2.55,2.34,0.28,1.42,5.15,1.13,4.47,636,1
12.36,1.74,2.21,20.1,,3.0,2.93,0.17,2.59,2.84,1.13,2.73,731,2
14.11,2.88,2.48,12.4,,2.85,3.05,0.42,2.42,4.75,1.21,2.8,861,1
12.64,1.17,2.48,30.0,,1.88,1.79,0.56,1.27,2.61,1.77,2.86,500,2
14.1,1.77,2.68,15.1,116,3.38,3.38,0.47,1.65,5.7,1.52,2.34,1417,1
13.41,5.32,2.86,23.8,97,1.86,0.38,,0.88,3.17,1.02,,959,3
13.12,1.73,2.15,18.3,112,2.61,2.67,0.18,2.4,5.62,1.1,,1028,1
13.68,1.9,,16.3,,3.19,3.24,0.46,1.62,6.77,0.94,3.56,1324,1
12.53,3.35,3.0,16.8,114,3.27,3.25,,1.68,5.3,0.98,2.55,783,1
13.11,3.65,,,,2.55,2.4,0.2,1.66,4.64,0.83,3.71,997,1
13.84,2.89,2.4,16.8,,3.02,2.47,0.25,2.21,4.94,0.84,3.61,865,1
11.21,2.17,2.23,22.9,77,2.12,2.6,0.41,3.56,1.02,1.02,3.87,467,2
12.85,2.57,2.14,26.7,83,2.24,2.04,0.17,2.23,2.45,1.25,4.0,892,2
,2.87,2.32,20.0,,2.39,1.46,0.76,1.44,1.78,0.89,2.37,667,2
11.7,5.92,2.46,24.4,60,2.25,2.14,0.43,1.14,2.36,0.78,3.5,222,2
12.24,0.75,1.73,21.5,66,1.55,1.82,0.52,0.78,3.43,0.99,2.89,,2
13.08,2.91,2.24,15.2,,2.69,2.73,0.19,1.2,5.07,0.72,,912,1
12.93,1.99,2.12,16.6,,2.02,2.35,0.2,1.61,3.07,1.2,,1181,1
12.96,,2.29,17.8,,2.2,2.48,0.22,1.66,4.19,1.05,3.03,1000,1
14.11,1.5,2.33,12.9,,3.19,3.69,0.32,1.7,7.16,1.09,2.82,1652,1
13.58,3.67,1.99,20.3,,2.83,2.43,0.21,4.11,2.29,1.16,3.95,637,2
12.8,1.5,2.41,28.9,,2.24,2.81,0.57,1.46,3.11,0.79,3.7,538,2
12.47,1.68,2.26,16.2,92,1.4,0.66,0.63,0.66,1.87,1.07,1.64,320,2
12.88,1.16,1.94,12.0,,2.44,2.46,0.2,,4.14,0.88,3.62,1130,1
12.89,7.25,2.18,20.0,107,1.18,0.44,0.44,0.92,4.87,0.73,1.02,739,3
12.38,1.39,2.31,20.7,102,,3.14,0.37,1.87,7.76,,2.68,1041,1
12.26,2.18,2.47,21.1,101,3.21,3.77,0.24,3.16,8.33,0.97,2.57,937,1
13.94,1.04,2.41,16.3,,2.6,3.27,0.23,2.61,6.25,1.46,3.08,1315,1
13.24,3.04,2.72,27.9,,1.72,0.82,0.32,1.0,6.23,,1.5,,3
13.6,2.45,2.8,27.0,,2.14,1.71,0.16,0.88,11.52,0.58,1.66,622,3
14.36,2.4,2.36,,,3.43,3.25,0.3,2.16,5.83,0.8,3.25,1086,1
11.45,1.11,2.73,19.1,82,2.57,3.69,0.34,1.97,2.4,1.09,4.17,368,2
13.07,2.35,2.53,15.1,114,2.91,2.89,0.25,1.82,5.85,1.06,3.42,1054,1
13.91,2.39,2.62,26.6,91,1.45,0.78,0.35,1.05,7.52,0.62,1.5,534,3
13.47,2.69,2.68,,,3.13,3.35,0.28,3.5,5.94,1.02,3.08,750,1
13.04,3.27,2.08,18.9,,0.99,1.01,0.29,0.96,7.72,,1.53,763,3
12.41,2.97,2.11,22.8,,2.15,2.14,0.53,1.53,2.41,,2.53,292,2
14.21,0.86,2.64,21.7,,2.26,2.55,0.36,1.38,4.61,1.43,2.89,1247,1
13.28,1.78,3.2,,114,2.82,1.38,0.2,,8.39,0.82,2.19,563,3
11.26,2.61,2.32,19.1,,,2.04,,2.74,1.59,0.89,4.58,577,2
,2.23,2.91,30.1,,2.11,4.18,0.27,4.47,1.74,1.28,5.0,1132,2
12.27,0.96,2.5,20.9,,1.73,1.52,0.28,1.37,4.61,1.02,1.84,806,2
,3.78,2.13,18.6,,2.32,3.53,0.41,2.18,3.5,1.08,2.53,222,2
13.46,4.61,2.16,16.4,,1.69,0.86,0.32,1.09,9.53,,1.75,496,3
12.57,1.66,2.23,14.4,110,1.6,0.93,0.21,0.86,5.36,1.06,1.47,761,2
12.13,3.79,2.57,28.6,,1.18,0.72,0.51,1.06,1.79,0.78,1.97,412,2
14.26,3.67,2.24,14.7,,2.71,2.94,0.2,1.73,5.6,0.96,3.24,723,1
11.77,5.28,2.23,22.4,99,1.52,0.4,0.39,0.53,2.41,,2.04,777,3
11.21,0.95,2.28,16.9,,1.56,1.04,0.47,1.45,2.45,1.11,2.6,826,2
12.36,1.72,2.69,22.2,,2.31,1.43,0.3,1.27,6.76,0.68,,592,3
13.24,4.59,2.01,19.2,106,1.09,0.73,0.36,1.32,8.09,,1.49,722,3
12.39,2.11,2.0,17.4,88,,1.16,0.2,1.5,1.72,0.89,2.29,559,2
11.46,2.85,2.23,20.7,120,1.18,1.08,0.37,3.59,1.14,1.06,2.71,759,2
11.95,1.84,1.24,9.4,,1.97,1.51,0.71,0.56,2.33,1.47,,222,2
13.32,1.51,2.27,12.8,94,1.96,2.37,0.2,1.4,3.65,1.12,3.81,1088,1
13.16,6.91,2.52,21.4,94,1.99,0.74,,1.56,6.96,0.55,,409,3
13.66,1.75,2.05,19.4,,2.24,2.72,0.23,2.0,6.22,1.16,2.56,1396,1
12.98,1.45,2.08,,70,2.55,3.08,0.44,2.03,3.96,1.4,,301,2
13.06,4.15,2.32,21.3,140,3.53,2.19,0.47,1.49,2.89,0.79,2.65,645,2
13.18,0.97,1.99,14.8,96,2.48,3.2,0.2,1.28,6.62,1.34,3.05,1672,1
11.22,1.26,2.6,23.2,,2.27,1.22,0.34,1.13,7.43,,1.36,563,3
11.54,1.04,2.17,22.1,99,2.38,1.57,0.23,,1.93,1.76,2.88,586,2
13.18,2.96,2.45,19.8,,2.11,1.96,0.43,0.88,3.09,0.71,2.57,311,2
13.16,4.03,1.79,18.1,66,2.9,3.53,0.28,1.6,4.89,0.99,3.07,391,2
13.66,1.59,2.24,22.8,106,2.56,2.42,,1.89,6.32,0.97,2.9,1301,1
11.85,1.06,2.69,21.1,93,,1.92,0.64,0.84,2.81,1.29,3.03,628,2
13.22,1.16,2.63,21.8,84,2.83,3.13,,3.12,5.6,1.47,2.51,1755,1
14.73,1.97,2.46,13.7,106,3.57,4.16,0.2,2.84,9.36,0.96,3.41,1344,1
15.07,2.69,2.64,17.9,,3.74,3.37,0.24,2.56,7.21,0.86,2.93,1179,1
13.62,4.62,2.34,22.9,,3.35,1.77,0.27,,10.75,,1.02,604,3
12.78,1.43,2.92,27.0,104,2.77,3.09,0.42,1.85,6.51,1.35,2.84,1231,1
13.88,1.82,2.52,15.3,111,4.06,4.0,0.26,2.26,9.01,0.95,3.58,1292,1
14.49,1.88,2.45,20.1,,2.94,3.2,0.4,2.27,4.83,1.03,3.96,975,1
12.43,3.06,2.39,19.5,111,1.67,1.53,0.29,1.51,5.73,0.54,1.37,504,3
13.53,2.19,2.39,22.9,,1.98,1.44,0.21,1.06,7.33,0.87,1.65,507,3
11.78,2.31,2.83,29.0,79,1.74,3.55,0.58,4.47,2.9,1.05,2.97,527,2
12.39,1.54,2.09,15.6,,1.82,1.02,0.3,0.6,2.99,0.9,2.37,873,2
14.17,,2.2,13.8,,3.24,3.58,0.22,1.71,6.06,1.07,3.29,1433,1
12.27,1.75,1.81,14.8,67,2.45,1.68,0.21,1.4,1.93,1.12,3.07,335,2
13.78,1.85,2.31,13.2,,2.73,2.85,0.35,2.5,4.04,1.08,2.89,830,1
12.14,1.45,2.77,23.7,141,1.39,1.95,0.23,2.62,4.39,1.08,2.91,941,2
12.21,3.59,1.82,20.6,56,1.19,1.97,0.82,3.08,3.65,1.17,2.78,418,2
12.86,2.05,2.33,22.4,124,2.45,2.57,0.25,1.51,4.61,0.97,3.32,1040,1
12.93,1.06,2.15,23.6,,2.71,2.7,0.61,1.6,3.43,2.14,2.38,635,2
13.17,4.86,2.78,25.3,,1.36,0.45,0.43,0.5,3.23,0.81,1.77,412,3
13.56,1.84,,15.1,112,3.11,3.32,0.23,2.9,6.65,1.05,3.47,1038,1
12.94,1.7,2.83,27.4,,4.73,1.31,0.82,2.69,7.83,0.77,,957,3
13.44,2.47,2.03,,,2.7,2.51,0.17,1.68,3.55,0.8,4.2,917,
11.86,,1.87,14.3,104,2.23,1.39,0.17,0.91,2.73,1.24,2.59,894,2
13.55,2.33,2.16,12.2,116,4.1,4.26,0.34,3.27,7.8,0.95,2.9,1329,1
13.1,4.05,2.46,22.2,,0.93,0.67,0.17,,6.24,,1.66,656,3
12.11,1.63,1.94,21.8,,2.06,1.17,0.33,1.01,1.89,0.88,2.34,452,
12.52,7.25,2.27,25.3,,2.88,3.84,0.63,1.36,3.54,0.73,3.51,222,2
12.48,1.19,2.7,26.7,82,2.21,1.77,0.59,1.1,3.26,0.75,1.96,430,2
14.69,2.92,2.34,12.6,,3.61,4.02,0.26,2.25,9.03,1.06,3.26,1496,1
15.98,1.74,2.09,15.9,,3.57,3.9,0.26,2.67,10.08,1.27,2.9,1570,1
13.81,3.92,2.15,14.7,,1.98,2.19,0.27,,3.1,0.84,,720,1
13.89,6.87,2.82,24.8,,1.06,0.67,0.32,0.47,7.94,0.64,2.43,338,3
12.7,1.99,2.17,20.7,73,1.43,0.35,0.82,,9.09,0.56,1.86,615,3
11.39,2.02,2.3,20.2,119,1.44,1.0,0.29,1.27,11.63,0.49,1.3,786,3
10.78,0.71,,21.4,124,2.76,2.6,0.52,2.23,3.09,1.22,3.05,830,2
12.21,1.64,2.78,22.8,79,2.31,1.74,0.4,0.52,3.08,1.33,2.67,1017,2
13.16,1.84,1.66,18.2,84,1.71,2.63,0.39,1.76,6.31,1.43,2.94,897,2
12.98,2.83,2.77,23.9,93,1.42,1.36,0.25,1.25,10.29,0.59,1.25,408,3
11.93,2.16,2.8,26.3,,3.14,2.68,0.82,2.41,1.18,0.59,2.62,370,2
14.23,2.84,,18.0,,1.89,1.61,0.27,1.71,3.88,0.78,2.63,610,2
14.27,4.88,2.56,12.7,,3.21,2.67,0.3,1.26,3.51,0.92,4.66,745,1
12.28,3.68,2.44,17.0,,2.2,1.97,0.31,1.38,2.75,0.91,2.87,437,2
12.13,5.37,2.02,16.4,96,1.65,0.54,0.56,0.95,8.15,,1.36,729,3
12.87,2.33,2.03,16.1,85,2.79,2.72,0.12,1.78,5.68,0.78,2.77,977,1
13.25,1.46,2.42,21.4,78,2.22,2.44,0.34,1.48,4.1,1.32,3.22,1491,1
10.52,1.17,2.62,23.4,96,1.03,1.19,0.56,1.99,2.84,0.73,3.33,824,2
12.43,4.46,2.3,19.7,90,1.3,0.83,0.29,0.55,2.55,0.73,1.27,464,3
14.69,7.25,2.47,24.8,92,1.21,0.53,0.43,1.38,8.15,,1.47,417,3
14.02,2.03,,18.1,100,2.24,2.29,0.19,1.62,3.77,1.05,3.22,1075,1
13.92,2.45,2.31,26.6,86,1.49,2.09,0.49,,3.99,0.76,2.5,254,2
12.28,4.48,2.37,20.3,126,1.91,2.24,0.63,2.73,2.12,0.91,2.59,285,2
13.7,1.47,2.27,17.9,,3.08,3.18,0.19,2.12,8.21,1.0,2.81,1403,1
11.88,1.69,2.53,23.7,117,2.47,3.13,0.19,3.28,2.45,1.46,4.92,638,2
11.98,1.79,2.18,15.8,112,,0.95,0.16,1.37,4.31,1.03,2.12,1341,2
11.83,1.38,2.2,29.4,,2.9,3.3,0.25,3.27,3.34,1.03,3.7,538,2
12.86,7.25,2.53,21.7,,1.63,0.73,0.32,0.96,4.23,,1.37,902,3
12.52,1.98,2.13,15.9,,1.41,0.8,0.37,1.25,4.48,,1.02,888,3
16.31,1.34,2.6,12.8,117,4.03,3.62,0.37,2.11,6.61,1.33,3.77,1973,1
13.49,4.94,2.55,26.9,132,1.42,1.1,0.28,2.04,14.56,0.5,1.68,697,3
,2.99,2.63,26.9,109,1.29,0.74,0.52,1.11,8.69,0.8,1.48,510,3
13.19,2.17,2.5,15.8,,2.62,2.56,0.27,1.75,5.05,1.12,3.02,1616,1
13.19,1.5,2.36,19.6,,2.36,2.83,0.25,2.09,6.2,1.41,2.67,1612,1
14.24,3.05,2.55,17.8,,3.33,4.05,0.23,3.81,10.01,0.97,3.22,964,1
13.97,4.91,2.08,18.9,89,0.93,0.37,0.31,0.6,2.67,,1.68,,3
11.32,3.93,2.11,23.1,90,2.06,0.99,0.27,1.92,1.02,0.85,2.77,618,2
12.55,1.05,3.01,25.1,,1.95,1.73,0.37,3.8,2.64,0.83,3.07,488,2
13.44,1.16,2.99,18.6,137,2.95,3.21,0.36,2.77,6.37,1.13,2.41,1033,1
13.22,0.75,2.33,15.6,80,2.77,3.31,0.15,1.99,6.86,1.13,2.84,1213,1
14.08,1.2,2.35,15.1,120,3.09,3.52,0.27,1.74,6.58,1.19,3.72,936,1
13.11,2.24,2.98,21.2,119,2.61,2.5,0.46,1.63,4.7,1.2,2.87,914,1
13.1,2.27,2.92,30.6,,1.8,1.59,0.36,1.29,10.56,0.75,1.8,439,3
,1.31,2.3,20.0,99,2.73,3.12,0.29,1.97,6.23,1.09,2.85,1260,1
13.25,7.25,2.24,22.3,,2.93,2.64,0.19,1.99,1.71,1.17,,377,2
13.52,1.43,2.65,25.0,,1.59,1.96,0.76,1.13,3.75,1.27,1.46,352,2
,2.17,2.34,21.4,,1.64,1.09,0.27,1.39,5.12,0.72,,825,3
14.03,1.91,2.21,17.1,102,2.37,2.75,0.32,1.66,6.45,1.3,3.4,1192,1
13.23,5.54,2.11,18.9,97,1.61,0.59,0.62,1.65,5.43,0.6,1.72,1224,3
12.04,1.36,2.36,18.9,79,1.47,0.27,0.82,0.33,2.27,,1.93,392,3
,3.98,2.81,27.7,78,2.33,2.48,0.35,1.55,3.84,0.59,2.68,273,2
12.94,1.97,2.09,17.7,88,1.77,2.0,0.27,1.97,6.35,0.85,2.1,350,2
14.28,1.22,2.01,20.2,,1.45,1.2,,0.53,6.53,0.7,2.07,620,2
12.5,7.25,2.25,18.1,83,1.03,0.27,0.48,0.42,4.62,0.69,1.64,521,3
14.05,1.56,2.32,14.8,,3.01,3.33,0.29,2.75,6.11,1.08,3.4,1352,1
12.14,4.54,2.36,22.7,101,1.15,1.22,0.26,1.24,8.04,0.47,1.18,424,3
12.97,3.12,2.24,20.6,,1.25,1.44,0.21,1.78,11.74,0.4,1.16,,3
12.28,3.9,2.39,20.2,,1.11,0.35,0.35,0.41,5.45,,1.93,509,3
14.34,2.88,3.41,20.5,145,3.78,3.53,0.47,2.27,5.18,0.96,3.39,,1
14.63,5.11,2.73,22.7,,1.33,1.28,0.2,0.87,5.51,1.1,1.72,563,3
11.92,2.08,1.94,18.6,,1.6,2.1,0.58,2.07,3.03,0.97,2.38,240,2
13.31,1.4,2.24,15.6,,1.13,1.06,0.38,0.93,3.68,0.84,2.47,891,2
13.3,,2.75,22.6,80,1.96,0.7,0.51,1.11,4.3,,1.52,516,3
13.44,3.87,2.69,24.5,,2.09,0.71,0.68,1.13,8.11,0.78,2.0,529,3
11.51,5.41,2.49,22.1,90,2.45,2.31,0.2,1.12,4.51,0.67,3.02,389,2
12.33,2.32,1.55,17.1,106,2.43,1.19,0.24,,2.57,0.86,2.21,829,2
13.65,3.02,,19.9,90,2.0,2.1,0.51,1.66,2.68,1.35,3.12,732,1
14.53,2.06,2.39,17.8,85,2.21,2.34,0.48,1.48,5.09,1.29,2.98,1711,1
,1.57,2.41,13.9,,4.1,4.05,0.35,2.33,7.51,1.09,3.18,1555,1
14.78,3.38,2.18,13.4,118,3.16,4.09,0.23,,7.97,1.07,3.35,1027,1
13.47,3.59,2.42,19.0,119,3.68,3.36,0.31,1.74,6.82,0.87,3.11,1259,1
12.85,3.21,2.5,19.1,109,1.94,2.09,,1.95,4.37,1.03,3.17,773,1
11.94,6.19,2.85,29.3,,1.86,2.33,0.53,1.82,3.27,0.83,2.64,349,2
12.73,1.33,2.66,17.9,,2.56,3.02,0.26,1.97,5.6,1.0,3.01,1177,1
12.25,2.28,2.52,27.8,93,1.76,1.64,0.39,1.08,1.85,1.65,3.51,510,2
,2.32,3.36,19.4,,2.47,2.61,0.37,1.33,4.29,1.27,3.02,1307,1
13.34,4.32,2.58,20.8,,1.76,0.81,0.31,1.3,4.81,,2.18,792,3
,1.5,2.22,22.0,91,2.27,1.41,0.24,,1.34,1.48,2.71,633,2
12.31,,2.24,25.1,,1.74,2.09,0.64,1.26,3.65,1.21,3.0,505,2
12.17,3.16,2.46,23.4,,3.41,3.09,0.44,2.03,2.48,1.4,2.43,351,2
14.19,1.21,2.3,13.6,,2.83,3.09,0.27,1.95,3.23,1.18,3.94,723,1
14.33,2.77,2.14,18.4,93,2.72,3.42,,2.6,6.04,0.93,3.91,978,1
12.75,1.43,1.71,20.0,,,1.82,0.37,1.05,3.01,1.23,2.95,307,2
14.08,1.32,2.12,15.6,125,4.1,3.65,0.12,2.6,10.1,0.71,3.67,1344,1
10.87,1.39,2.84,17.3,89,2.51,2.5,0.34,2.06,2.74,,3.17,532,2
14.33,2.75,2.27,17.9,,1.41,1.35,0.19,0.97,10.56,0.67,1.94,655,3
12.19,1.48,1.75,13.6,,2.1,0.91,,0.61,1.35,,2.03,470,2
12.73,2.56,2.3,16.9,,3.12,2.53,0.34,1.21,3.65,0.81,2.86,832,1
14.91,,2.42,12.7,108,3.34,3.86,0.4,2.29,6.18,1.17,3.02,949,1
13.28,2.1,2.88,31.5,,2.39,2.43,0.5,0.99,4.51,1.13,3.37,939,1
11.62,2.6,2.34,23.7,61,1.68,2.15,0.43,2.12,2.41,0.64,,527,2
13.9,1.96,2.44,15.8,,2.83,2.97,0.24,3.87,5.33,1.12,3.2,809,1
12.14,5.93,3.2,,,2.54,2.77,0.71,1.17,2.94,1.34,2.88,537,2
12.5,1.24,2.49,23.5,71,2.5,3.49,0.33,1.95,4.07,1.21,4.18,427,2
13.14,1.76,2.26,14.3,,2.53,2.68,0.39,1.49,5.68,0.98,2.89,719,
14.02,1.43,2.48,13.0,,3.65,4.41,0.24,2.46,7.56,1.02,3.21,1169,1
11.77,0.91,2.18,19.7,94,,2.49,0.18,1.04,1.88,1.15,4.14,963,2
12.26,1.95,2.06,15.9,,0.9,0.54,0.82,0.33,3.5,1.05,1.51,451,2
14.19,1.55,2.37,17.8,,2.84,2.95,0.25,1.78,5.23,1.02,2.66,943,1
13.07,0.99,1.87,21.0,60,2.01,1.48,0.53,0.99,2.02,1.01,2.16,389,2
11.88,4.29,2.68,29.4,,1.88,3.79,0.44,3.71,2.41,1.01,3.18,556,2
12.82,1.61,1.7,14.3,,1.8,1.27,0.26,1.57,4.03,0.81,2.51,469,2
13.01,4.34,,18.9,,1.92,0.6,0.59,0.89,10.25,0.69,1.96,797,3
13.43,1.56,2.16,13.1,,3.13,3.11,0.17,1.99,6.73,1.03,3.35,1481,1
12.58,5.72,2.41,22.6,111,1.47,0.65,0.34,0.86,8.07,,1.42,623,3
,7.25,3.06,29.2,,1.76,0.93,0.37,1.36,9.17,,1.74,751,3
11.75,0.68,2.15,21.5,,1.81,1.81,0.27,,3.7,1.51,2.97,762,2
14.16,1.43,2.61,13.1,,3.34,3.42,0.28,2.55,8.14,1.07,3.2,1113,1
14.19,1.66,2.15,16.9,,2.23,2.15,0.18,1.4,4.32,1.2,3.64,1391,1
13.64,2.81,2.43,17.8,,3.05,3.23,0.24,1.4,6.41,0.98,3.71,933,1
,2.71,2.26,21.8,79,1.61,0.62,0.54,1.52,11.49,,1.55,781,3
13.8,1.27,1.92,12.1,93,3.53,3.48,0.14,2.66,7.81,0.8,3.9,,1
11.09,1.76,2.81,21.2,82,2.26,2.25,0.7,1.5,3.22,0.64,2.04,576,2
14.29,2.13,2.49,19.5,132,2.53,2.6,0.39,1.97,4.38,1.15,3.28,766,1
14.08,2.61,2.27,19.8,,1.6,0.65,0.51,1.13,6.52,1.0,1.64,551,3
13.93,1.13,2.04,14.1,100,3.01,2.85,0.17,1.86,7.05,0.89,2.99,1800,1
12.31,2.0,2.11,19.6,,1.07,0.59,0.58,1.14,11.29,0.5,1.59,573,3
12.44,3.98,2.3,17.1,89,1.41,0.59,0.73,,4.24,0.87,1.95,580,3
,0.59,1.78,14.6,,,1.76,0.22,1.28,2.36,1.32,2.55,328,2
12.77,1.73,,23.9,89,1.38,1.73,0.82,0.76,6.32,1.48,,742,2
11.18,0.98,2.45,18.1,,2.34,2.53,0.39,3.94,2.73,1.06,3.09,420,2
11.65,1.18,1.9,14.9,110,3.93,2.81,0.13,1.62,3.22,1.09,4.59,342,2
13.35,1.1,1.91,15.9,95,3.37,3.59,0.22,1.26,4.19,1.11,4.78,536,2
13.93,2.86,2.51,25.7,101,1.84,0.72,0.48,1.31,7.74,0.53,2.02,767,3
13.02,1.45,2.82,22.5,115,2.82,2.41,0.25,1.41,4.26,1.43,3.03,1353,1
13.35,1.54,,22.3,,2.65,0.94,0.28,0.85,5.71,,2.31,526,3
13.6,2.6,2.44,23.4,,1.37,1.32,0.3,1.45,9.47,0.48,1.17,554,3
12.88,0.98,2.82,21.2,,2.51,1.72,0.28,0.99,3.2,1.14,2.15,979,2
13.33,1.22,1.92,14.0,129,1.03,0.44,0.3,0.81,2.7,1.01,1.23,655,3
13.22,1.57,2.05,14.6,100,3.13,3.74,0.28,2.1,6.4,0.96,3.64,940,1
14.43,1.9,,14.5,,2.4,2.93,0.21,1.4,4.32,1.03,2.89,1823,1
12.7,2.76,1.69,16.7,65,3.09,2.83,0.38,2.25,3.41,1.27,3.31,757,2
12.1,2.38,2.62,30.8,,2.54,2.84,0.3,2.0,4.25,0.92,3.36,611,2
12.81,0.77,1.95,16.2,82,2.29,0.95,0.18,0.73,2.15,1.54,2.41,819,2
12.41,7.25,2.47,24.8,,1.18,0.87,0.29,0.65,5.61,0.81,1.61,557,3
14.29,1.06,2.59,14.2,128,3.26,3.31,0.22,2.12,6.95,1.02,3.14,1301,1
12.79,4.73,2.2,22.3,109,0.89,0.58,0.38,0.86,5.86,,1.24,561,3
12.89,3.79,2.94,29.5,107,1.72,0.69,0.44,1.07,7.01,0.76,1.48,455,3
14.48,1.92,1.94,13.3,99,2.79,3.46,0.17,2.88,7.28,1.15,3.59,1410,1
13.29,4.21,2.77,22.6,,2.66,1.09,0.65,1.77,9.79,0.69,1.35,590,3
12.75,5.59,3.34,30.4,,2.47,2.4,0.43,1.07,2.16,0.78,3.08,384,2
14.93,1.69,2.44,8.7,,2.61,2.92,0.24,,4.99,1.08,3.76,1200,1
12.18,1.62,,21.3,86,1.29,0.48,0.6,1.02,7.94,0.59,1.81,717,3
12.92,2.0,2.43,23.0,,2.2,2.35,0.34,1.5,4.03,0.98,3.24,984,1
13.15,7.19,2.22,22.2,,1.34,0.27,0.82,1.11,4.35,,1.5,799,3
12.82,2.9,2.7,23.2,,2.07,2.32,0.26,2.2,4.54,1.18,3.47,653,1
14.2,1.79,2.46,17.1,88,3.07,2.9,0.2,2.1,6.49,0.92,2.82,1288,1
12.94,1.56,2.36,26.3,,4.53,4.13,,1.74,4.16,1.17,3.18,442,2
13.21,2.91,2.6,21.0,,2.36,0.79,0.59,1.02,9.81,0.66,2.02,622,3
13.28,5.62,2.44,23.6,,2.05,0.67,0.69,1.12,5.5,0.91,1.45,,3
13.21,2.24,2.44,18.9,93,2.65,2.86,0.18,2.29,4.23,0.99,3.3,1066,1
14.82,3.77,2.73,11.9,118,3.3,4.03,,2.18,6.18,1.05,3.19,864,1
12.79,3.78,2.32,21.6,,1.43,0.57,0.35,0.75,4.52,0.7,1.58,464,3
10.51,0.84,2.58,15.6,,1.91,1.48,0.82,1.37,2.1,1.07,1.74,499,2
14.6,0.6,2.79,23.3,,4.38,5.41,0.27,2.03,5.61,1.45,3.85,603,2
12.34,0.77,1.87,13.0,,2.06,1.44,0.19,1.44,1.8,1.67,2.52,1404,2
12.78,7.25,2.39,23.1,101,1.38,0.6,0.43,0.88,3.46,0.88,1.65,441,3
11.83,1.4,2.35,14.6,,4.85,4.95,0.17,1.26,4.3,1.79,4.37,487,2
11.86,1.33,2.62,,,2.72,2.39,0.34,1.56,2.6,2.14,3.41,314,2
13.81,3.04,2.86,25.3,105,2.39,2.35,,1.63,4.44,1.2,2.58,1445,1
11.96,3.19,2.44,16.7,108,1.18,1.89,0.37,2.02,7.13,0.67,1.4,1067,2
11.56,4.91,,,,3.75,3.52,0.32,2.75,1.92,1.01,4.44,373,2
14.12,2.35,2.65,21.6,145,3.21,2.96,0.39,2.07,5.85,1.04,2.96,1132,1
12.98,1.37,1.84,16.4,105,1.95,1.28,0.28,1.32,6.4,1.06,2.0,873,2
12.4,3.42,2.2,19.5,75,1.81,1.66,,1.7,1.85,1.38,2.07,728,2
13.67,1.6,2.05,13.5,81,3.83,4.27,0.24,2.37,6.72,1.07,2.87,1313,1
12.14,3.51,2.77,25.4,96,1.55,0.69,0.37,0.75,4.47,0.8,2.53,,3
11.95,4.34,2.15,22.8,,1.57,0.28,0.82,0.61,3.46,0.67,1.61,727,3
13.94,2.13,2.18,16.3,,2.06,1.82,0.5,0.89,3.81,0.67,,825,2
13.96,4.47,2.18,19.0,,1.26,0.44,0.45,0.69,5.95,0.69,1.86,636,3
13.26,2.18,2.95,30.2,,2.61,2.84,0.59,1.54,2.84,1.16,4.38,309,2
13.92,7.25,2.38,23.4,101,1.71,0.99,0.56,1.76,15.78,0.5,1.44,616,3
13.41,2.65,2.72,20.4,126,3.93,4.2,0.27,2.3,8.71,0.94,3.03,1693,1
12.1,1.67,2.6,23.0,,2.33,2.68,0.31,2.38,2.8,0.9,3.74,606,2
12.15,4.15,2.68,23.4,136,1.83,1.77,0.47,0.67,4.14,0.84,2.47,545,2
14.43,2.63,2.94,20.7,113,2.75,2.97,0.25,2.8,8.31,1.03,3.2,1013,1
14.24,1.05,2.85,18.5,,4.38,3.83,0.34,1.88,12.01,0.97,3.11,1309,1
11.77,0.68,2.94,20.9,,,4.3,0.44,1.24,8.81,1.54,2.29,589,2
13.46,,2.92,13.3,,2.71,2.97,0.76,1.5,4.12,1.59,2.97,803,1
13.85,1.54,2.61,13.5,110,2.84,3.34,0.28,1.49,5.75,1.37,3.91,1457,1
13.84,2.31,2.32,17.9,,1.82,0.54,0.82,2.68,9.12,,1.68,867,3
11.68,2.83,2.58,22.3,,4.85,4.46,0.43,,3.66,1.06,2.32,484,2
12.83,0.97,2.87,27.6,,,0.55,0.49,0.81,2.88,0.91,2.2,625,3
13.07,1.2,,21.6,,1.46,1.1,0.64,0.95,1.28,1.0,2.72,366,2
13.36,1.44,2.02,10.2,,3.57,3.54,0.26,2.58,8.53,0.87,3.58,1422,1
11.31,2.71,1.82,20.3,,2.5,1.77,0.56,1.57,2.06,1.39,2.71,540,2
11.99,2.21,2.1,14.6,,1.87,1.46,0.47,1.28,3.1,0.73,1.74,660,2
12.62,2.28,2.39,27.6,110,2.08,1.66,0.14,2.69,2.12,1.54,3.44,718,2
13.94,1.74,2.85,16.8,121,2.73,3.11,0.24,1.68,4.65,1.11,3.49,988,1
12.9,1.42,2.41,20.4,,2.52,2.85,0.31,,4.76,0.98,2.92,854,1
13.09,1.45,2.23,18.2,,2.77,2.62,0.11,1.53,5.42,0.86,,1214,1
12.62,1.92,2.53,25.4,,1.55,1.41,0.24,2.9,1.24,0.71,2.76,536,
11.26,1.22,2.29,19.6,74,1.4,1.15,0.66,1.12,3.06,0.92,2.04,746,2
12.43,2.0,2.43,17.2,,1.06,0.27,0.6,0.63,4.03,0.65,2.22,979,3
12.02,3.18,2.18,17.5,,1.2,0.35,0.3,0.38,2.29,,1.6,,3
13.25,2.34,2.25,20.4,103,3.09,3.2,0.51,3.2,6.07,1.02,2.62,1005,1
13.16,4.58,2.91,24.8,,1.62,1.21,0.23,0.96,9.38,,1.87,498,3
14.01,3.12,2.52,9.0,119,4.78,4.7,0.19,1.96,6.99,0.79,3.51,1020,1
10.88,0.79,1.9,20.8,,2.51,2.15,0.3,1.88,3.48,1.05,3.39,736,2
14.4,2.99,2.56,15.3,111,4.18,4.3,0.42,2.57,6.57,0.97,3.29,1001,1
10.83,1.31,2.59,21.9,,4.76,3.94,0.31,2.57,2.06,0.98,3.17,395,2
12.7,3.52,1.79,16.1,,1.15,0.28,0.71,0.87,4.81,0.65,1.6,632,3
13.25,3.56,2.5,22.0,97,1.87,2.13,,1.32,4.01,1.0,3.29,970,1
14.18,1.99,2.53,21.2,124,2.86,2.5,0.23,1.7,4.82,1.22,3.85,929,1
13.07,2.17,2.76,20.4,106,2.8,1.17,0.4,1.64,11.23,0.59,1.63,605,3
14.01,2.1,2.13,20.4,,2.93,3.12,0.26,1.69,6.6,0.9,3.38,1183,1
13.18,1.9,2.42,17.0,108,2.26,2.34,0.46,,3.44,1.22,2.46,1077,1
12.69,2.67,2.89,27.1,105,1.43,1.39,0.21,1.19,6.92,,1.4,696,3
11.25,1.6,2.5,26.1,58,,3.19,0.44,3.93,1.9,1.17,4.9,362,2
12.57,2.16,2.36,17.5,92,2.22,3.82,0.7,2.22,4.05,1.0,3.09,715,2
13.22,,2.47,19.8,,1.54,0.48,0.45,0.72,7.88,,1.85,671,3
11.64,3.56,2.45,19.7,109,2.91,2.12,0.53,1.56,2.35,0.72,2.81,571,2
13.79,2.01,2.21,13.8,,3.35,3.33,0.15,2.22,7.16,1.0,3.05,2100,1
13.56,2.85,2.29,20.4,124,2.36,1.72,0.64,1.12,2.34,1.04,3.4,542,1
12.64,3.05,2.85,29.5,,1.75,1.99,0.35,1.78,8.17,0.72,1.02,645,3
13.79,1.22,2.25,15.9,,2.75,2.97,0.33,1.84,5.17,1.08,3.42,1513,1
12.39,1.64,2.68,22.0,85,1.92,0.51,0.45,0.72,5.37,0.8,2.4,499,3
13.3,1.65,2.59,16.0,,3.18,3.18,0.27,2.12,9.44,1.05,3.11,1632,1
11.22,5.26,2.47,36.0,,2.51,2.07,0.24,1.09,1.6,1.17,4.98,519,2
13.66,1.97,2.63,24.1,,1.23,0.9,0.35,1.43,10.37,0.53,1.69,654,3
13.78,4.07,2.18,,102,1.66,1.01,0.37,1.35,11.31,0.54,1.31,659,3
13.04,5.17,2.66,26.6,,1.9,0.42,0.79,0.86,5.96,0.62,,535,3
12.61,0.84,1.5,18.8,64,2.74,1.58,0.23,1.06,1.57,1.08,3.09,690,2
14.05,2.63,2.88,24.6,,2.2,2.08,0.36,1.96,4.84,1.36,2.8,1459,1
13.77,1.09,1.78,18.0,,1.79,2.71,0.58,1.24,2.84,0.98,3.12,279,2
12.66,3.54,2.63,26.9,94,2.06,2.18,0.29,1.49,3.58,0.89,4.72,533,2
13.34,3.13,2.57,27.2,,2.35,0.93,0.53,2.1,11.27,0.39,1.24,476,3
14.1,2.24,2.49,16.2,105,3.09,3.41,0.27,2.44,6.09,0.87,3.12,966,1
12.84,3.23,2.32,21.7,,1.17,0.27,0.71,0.79,4.44,0.76,1.94,616,3
12.41,1.65,3.47,28.1,105,2.89,3.35,,3.1,4.55,0.83,3.57,587,2
11.91,3.81,3.02,32.3,,3.36,5.5,0.29,4.47,2.85,0.92,4.08,423,2
11.73,0.9,2.89,19.7,116,2.14,2.0,0.51,1.07,4.05,0.83,2.04,478,2
15.23,1.48,2.41,8.6,,3.53,3.98,0.28,4.05,9.98,0.99,3.66,,1
14.57,0.75,1.74,13.9,118,1.93,0.99,0.18,0.89,2.97,0.85,1.58,638,2
13.32,2.26,2.25,18.3,,2.17,2.47,0.24,1.61,5.07,1.02,2.44,1086,1
11.22,1.24,2.38,22.4,74,2.94,1.86,0.26,1.73,2.86,,3.36,547,2
12.31,2.27,3.06,19.5,,3.29,3.4,0.27,1.12,5.68,0.87,3.41,990,1
14.97,3.46,2.58,23.1,72,1.85,0.56,0.79,1.19,13.68,0.64,1.59,587,3
11.25,0.87,,31.1,76,2.07,2.07,0.82,1.17,3.69,1.61,2.5,422,2
11.58,3.25,2.51,22.4,,1.86,0.8,0.33,0.47,4.19,0.78,,544,3
13.53,5.81,2.46,21.1,,2.1,0.59,0.77,2.03,7.65,0.67,1.73,1013,3
12.62,4.97,2.28,20.5,89,1.18,0.52,0.33,0.71,4.5,0.74,1.46,484,3
11.67,1.57,2.8,27.0,,1.19,1.45,0.37,2.48,1.99,0.99,2.62,387,2
11.67,2.68,2.39,19.1,127,2.56,1.59,0.32,2.24,1.63,0.91,2.94,1134,2
12.6,2.49,2.21,21.4,78,1.07,0.38,0.31,0.73,2.88,,1.4,487,3
11.66,4.31,3.89,27.7,85,2.12,1.9,0.74,1.0,2.16,1.03,,316,2
13.31,0.91,2.45,18.1,,1.81,1.09,0.28,0.7,9.46,0.67,1.85,728,3
12.75,1.97,1.49,14.3,74,0.88,0.54,0.4,0.79,1.16,0.78,2.34,443,2
12.58,2.82,2.44,22.5,83,3.28,2.79,0.45,1.5,3.4,0.85,3.94,284,2
13.04,1.13,2.7,19.3,,2.95,3.9,0.16,1.95,8.66,1.01,2.33,1592,1
11.39,3.29,2.36,27.1,,2.99,6.35,0.58,4.47,2.25,0.85,5.0,355,2
15.15,3.25,1.95,10.9,,3.4,3.08,0.13,2.62,5.25,0.75,5.0,683,1
11.74,0.91,,20.5,,1.5,1.0,0.34,0.71,3.61,1.08,2.26,621,2
11.87,2.29,2.17,21.7,,1.65,1.06,0.28,0.73,6.02,,1.65,467,3
13.11,,1.82,13.3,79,2.2,1.41,0.28,0.53,3.82,0.8,2.85,473,2
12.04,2.68,1.92,17.7,99,,0.46,0.35,0.65,3.82,0.72,1.2,509,3
12.99,1.08,1.87,14.2,,3.36,2.0,0.21,2.14,1.8,1.59,2.69,636,2
12.65,1.31,2.21,17.7,,2.11,0.76,0.11,0.56,2.71,1.37,2.56,864,2
13.96,,2.23,19.6,,2.75,2.7,0.15,1.48,6.32,0.89,3.3,1126,1
11.78,2.84,2.2,20.1,100,1.69,1.11,0.35,1.34,5.29,,1.56,743,3
12.28,1.27,1.83,18.6,,,0.83,0.38,0.83,1.62,1.31,2.39,619,2
13.12,2.31,2.39,18.7,,2.6,2.25,0.43,1.59,4.3,0.89,2.63,798,1
12.88,1.0,2.04,14.0,,1.77,1.11,0.26,0.55,6.7,0.8,1.92,346,2
12.22,2.32,1.64,18.1,124,2.78,1.49,0.21,1.61,1.92,1.02,2.77,654,2
12.5,0.9,1.58,10.4,,2.22,1.68,0.28,,3.65,1.18,2.3,501,2
13.45,1.69,2.51,16.8,,2.86,3.5,0.32,2.52,5.03,1.13,,1006,1
13.32,2.0,2.82,19.7,,2.81,0.98,0.6,2.22,5.0,0.82,1.63,893,3
11.6,,2.45,25.8,,1.88,1.69,0.37,2.09,1.02,1.17,2.81,553,2
14.1,3.21,2.41,19.1,112,3.12,2.82,0.44,1.99,4.0,0.93,3.4,776,1
10.66,1.78,2.61,20.5,129,2.19,1.07,,1.33,2.51,0.91,2.91,1100,2
12.35,0.93,2.4,18.8,86,4.26,5.76,0.38,3.08,5.46,1.66,3.12,765,2
15.01,2.19,2.07,15.3,,2.52,2.74,0.29,2.07,5.19,1.04,2.26,1324,1
13.5,1.23,2.35,16.1,100,2.69,2.66,,1.32,6.68,1.01,3.04,1494,1
14.78,2.98,2.51,17.2,,,0.55,0.67,1.49,9.18,1.0,1.82,541,3
12.27,3.35,2.75,26.7,,2.08,0.6,0.78,1.15,7.78,0.67,2.27,535,3
12.99,4.92,2.87,22.1,,1.94,0.59,0.69,2.0,8.74,,,,3
12.99,2.31,2.33,21.2,,2.04,0.6,0.73,1.4,7.25,,1.7,628,3
13.04,4.52,,16.0,112,3.06,3.12,0.23,1.58,3.92,0.73,4.72,536,1
13.63,0.75,2.12,16.7,89,1.38,1.23,0.41,0.39,5.16,1.02,2.15,944,2
13.84,4.52,2.2,16.2,,1.74,0.92,0.54,1.7,11.7,0.63,1.31,642,3
14.42,1.93,1.27,10.8,61,0.97,0.62,0.55,0.34,4.3,0.82,1.42,514,2
12.27,1.29,,24.8,93,2.1,2.18,0.27,2.01,2.96,0.99,3.13,837,1
13.24,1.46,2.42,21.2,,1.76,0.93,0.38,1.5,15.19,0.38,1.63,665,3
12.98,0.62,1.93,16.9,,1.64,1.07,0.38,,3.83,1.35,1.52,1245,2
13.87,1.32,2.16,15.4,97,2.4,3.45,0.25,3.34,5.98,1.17,2.98,1167,1
14.3,1.76,,18.8,,2.87,2.53,0.23,1.23,5.29,0.86,4.31,1192,1
12.24,1.13,2.33,19.8,,2.32,0.54,0.82,1.49,8.12,0.74,2.3,729,3
13.11,1.71,2.44,17.2,,3.21,2.43,0.34,0.77,2.54,1.26,3.25,854,2
11.26,1.72,2.83,23.8,98,4.27,6.35,0.41,3.74,3.8,1.29,3.96,386,2
13.42,2.33,2.92,22.2,108,2.55,2.68,0.35,1.93,5.0,1.02,2.8,877,1
13.4,2.3,2.51,21.0,,1.81,0.42,0.4,0.79,6.42,0.61,2.83,663,3
11.51,1.58,2.82,21.4,,2.13,3.09,0.22,1.36,7.84,1.05,3.13,320,2
14.17,4.7,3.12,22.2,131,3.48,3.03,,2.5,7.28,0.86,3.55,819,1
13.7,1.99,2.37,18.6,134,3.24,2.92,0.2,2.29,6.57,0.86,,920,1
11.72,1.6,1.72,12.4,,1.6,0.96,0.45,0.89,5.14,0.89,1.42,635,2
11.88,6.68,2.42,24.5,107,1.67,1.38,,0.78,2.3,1.23,2.4,323,2
